,,,,,,,,,,,,,,0,,,,,,,,,,,,,,,,,,,,,,,,,,,,,,,,,,,,,,,,,,,,,,,,,,,,,,,,,,
,,,,,,,,,,,,,,0,,,,,,,,,,,,,,,,,,,,,,,,,,,,,,,,,,,,,,,,,,,,,,,,,,,,,,,,,,
,Column Labels,,,,,,,,,,,,,,,,,,,,,,,,,,,,,,,,,,,,,,,,,,,,,,,,,,,,,,,,,,,,,,,,,,,,,,,
,Account (% age 15+),,"Account, income, poorest 40% (% ages 15+)",,"Account, rural (% age 15+)",,Borrowed any money from a formal financial institution or using a mobile money account (% age 15+),,"Borrowed any money from a formal financial institution or using a mobile money account, income, poorest 40% (% ages 15+)",,"Borrowed any money from a formal financial institution or using a mobile money account, rural (% age 15+)",,Borrowed any money using a mobile money account (% age 15+),,Borrowed from a formal financial institution (% age 15+),,"Borrowed from a formal financial institution, income, poorest 40% (% ages 15+)",,"Borrowed from a formal financial institution, rural (% age 15+)",,"Can use a mobile money account without help from anyone, including a mobile money agent (% age 15+)",,"Can use account at a bank or financial institution without help if opened (% without an account, age 15+)",,Deposited money into a financial institution account 2 or more times a month (% age 15+),,Financial institution account (% age 15+),,"Financial institution account, income, poorest 40% (% ages 15+)",,"Financial institution account, rural (% age 15+)",,Has access to the Internet (% age 15+),,"Has an inactive account (% with an account, age 15+)",,"Has an inactive account, income, poorest 40% (% ages 15+)",,"Has an inactive account, rural (% age 15+)",,"Made a deposit (% with a financial institution account, age 15+)",,Made a digital merchant payment (% age 15+),,"Made a digital merchant payment, income, poorest 40% (% ages 15+)",,"Made a digital merchant payment, rural (% age 15+)",,No account because financial institutions are too far away (% age 15+),,No account because financial services are too expensive (% age 15+),,No account because of a lack of necessary documentation (% age 15+),,No account because of a lack of trust in financial institutions (% age 15+),,No account because of insufficient funds (% age 15+),,Owns a credit card (% age 15+),,"Owns a credit card, rural (% age 15+)",,Owns a debit card (% age 15+),,Received digital payments (% age 15+),,"Received digital payments, income, poorest 40% (% ages 15+)",,"Received digital payments, rural (% age 15+)",,Total Sum of 2017 [YR2017],Total Sum of 2021 [YR2021]
Row Labels,Sum of 2017 [YR2017],Sum of 2021 [YR2021],Sum of 2017 [YR2017],Sum of 2021 [YR2021],Sum of 2017 [YR2017],Sum of 2021 [YR2021],Sum of 2017 [YR2017],Sum of 2021 [YR2021],Sum of 2017 [YR2017],Sum of 2021 [YR2021],Sum of 2017 [YR2017],Sum of 2021 [YR2021],Sum of 2017 [YR2017],Sum of 2021 [YR2021],Sum of 2017 [YR2017],Sum of 2021 [YR2021],Sum of 2017 [YR2017],Sum of 2021 [YR2021],Sum of 2017 [YR2017],Sum of 2021 [YR2021],Sum of 2017 [YR2017],Sum of 2021 [YR2021],Sum of 2017 [YR2017],Sum of 2021 [YR2021],Sum of 2017 [YR2017],Sum of 2021 [YR2021],Sum of 2017 [YR2017],Sum of 2021 [YR2021],Sum of 2017 [YR2017],Sum of 2021 [YR2021],Sum of 2017 [YR2017],Sum of 2021 [YR2021],Sum of 2017 [YR2017],Sum of 2021 [YR2021],Sum of 2017 [YR2017],Sum of 2021 [YR2021],Sum of 2017 [YR2017],Sum of 2021 [YR2021],Sum of 2017 [YR2017],Sum of 2021 [YR2021],Sum of 2017 [YR2017],Sum of 2021 [YR2021],Sum of 2017 [YR2017],Sum of 2021 [YR2021],Sum of 2017 [YR2017],Sum of 2021 [YR2021],Sum of 2017 [YR2017],Sum of 2021 [YR2021],Sum of 2017 [YR2017],Sum of 2021 [YR2021],Sum of 2017 [YR2017],Sum of 2021 [YR2021],Sum of 2017 [YR2017],Sum of 2021 [YR2021],Sum of 2017 [YR2017],Sum of 2021 [YR2021],Sum of 2017 [YR2017],Sum of 2021 [YR2021],Sum of 2017 [YR2017],Sum of 2021 [YR2021],Sum of 2017 [YR2017],Sum of 2021 [YR2021],Sum of 2017 [YR2017],Sum of 2021 [YR2021],Sum of 2017 [YR2017],Sum of 2021 [YR2021],Sum of 2017 [YR2017],Sum of 2021 [YR2021],Sum of 2017 [YR2017],Sum of 2021 [YR2021],,
Afghanistan,14.89,9.65,13.8,5.86,0,7.2,0,2.05,0,2.41,0,1.19,0,0,3.81,2.05,4.54,2.41,0,1.19,0,0,0,34.69,0,0,14.55,9.65,13.8,5.86,0,7.2,0,16.19,12.75,0,1.74,0.2,0,1.21,65.53,0,0,0,0,0,0,0,0,37.73,0,29.48,0,36.13,0,38.44,0,89.03,1.06,0,0,0,2.71,2.6,9.04,4.33,8.34,2.43,0,3.45,166.56,352.63
Albania,40.02,,22.75,44.17,0,27.27,0,0,0,12.67,0,13.39,0,33.07,12.52,10.74,6.56,12.67,0,13.39,0,57.89,0,10.74,0,0,39.32,3.91,22.75,44.17,0,27.27,0,33.07,13.44,78.13,4.82,5.04,0,11.07,56,4.62,0,4.36,0,5.95,0,64.52,0,12.3,0,9.8,0,17.45,0,44.32,0,5.46,8.02,26.98,0,4.94,26.89,9.47,22.25,2.77,8.34,19.49,0,27.56,283.68,698.65
Algeria,42.78,15.72,34.97,,0,44.1,0,0,0,3.79,0,0,0,31.91,4.95,0,4.58,3.79,0,1.57,0,1.57,0,0,0,35.77,42.78,0,34.97,3.96,0,44.1,0,31.91,20.86,0,9.15,10.85,0,82.91,54.35,0,0,0,0,75.1,0,6.05,0,2.92,0,5.33,0,5.53,0,22.85,0,12.62,3.24,10.68,0,22.87,19.97,38.77,17.31,2.77,13.12,29.59,0,0,303.03,547.03
Angola,0,0,0,20.98,0,,0,0,0,0,0,0,0,0,0,0,0,0,0,0,0,0,0,0,0,0,0,0,0,0,0,0,0,0,0,0,0,0,0,0,0,0,0,0,0,0,0,0,0,0,0,0,0,0,0,0,0,0,0,0,0,0,0,0,0,0,0,0,0,0,0,20.98
Arab World,37.23,0,27.92,0,0,0,0,0,0,0,0,0,0,0,8.14,0,6.13,0,0,0,0,0,0,0,0,0,36.77,0,27.64,0,0,0,0,,11.9,33.64,4.6,33.3,0,17.44,64.61,0,0,1.83,0,4.69,0,5.04,0,4.93,0,4.69,0,1.83,0,0,0,50.49,4.67,33.18,0,17.17,27.02,4.11,19.18,33.3,13.08,19.82,0,77.28,288.89,342.74
Argentina,48.71,0,38.06,0,0,0,0,71.63,0,0,0,65.23,0,,24.37,4.96,15.05,0,0,32.08,0,30.8,0,26.67,0,0,47.92,25.17,37.44,60.82,0,29.39,0,19.63,5.33,66.33,2.9,0,0,58.53,59.22,85.17,0,2.74,0,0,0,4.88,0,64.4,0,0,0,32.37,0,6.89,0,44.71,23.97,8.56,0,28.3,41.37,19.23,27.02,13.37,24.42,28.89,0,54.89,395.78,885.64
Armenia,47.76,0,34.42,37.12,0,0,0,,0,45.45,0,55.35,0,31.95,31.21,40.95,28.35,28,0,3.85,0,21.68,0,28.16,0,26.16,45.33,27.11,33.7,21.36,0,54.56,0,12.35,7.93,9.31,4.06,40.44,0,52.25,46.3,40.59,0,4.03,0,7.43,0,81.75,0,5.07,0,50.28,0,9.08,0,15.74,0,10.55,8.1,17.29,0,7.1,25.71,7.82,27.42,27.16,19.76,19.42,0,9.94,360.05,849.3
Australia,99.52,9.22,99.29,8.64,0,30.86,0,18.99,0,99.32,0,,0,21.07,63.74,98.3,49.98,0,0,0,0,0,0,57.29,0,46.67,99.52,57.29,99.29,0,0,46.67,0,0,0.93,0,0.45,99.32,0,85.2,92.41,98.3,0,0.07,0,93.79,0,0,0,0,0,0,0,97.37,0,0,0,0,59.69,0,0,0,89.96,0,79.32,0,76.3,0,0,0,910.4,968.37
Austria,98.16,95.94,97.91,51.41,0,0,0,0,0,,0,85.29,0,86.52,47.32,99.95,40.08,0,0,100,0,56.52,0,0,0,0,98.16,49.23,97.91,56.52,0,0,0,49.23,0.89,0,1.58,30.83,0,0,85.31,99.95,0,91.35,0,0,0,100,0,0.32,0,0,0,0.8,0,0,0,85.28,46.55,0,0,0,90.22,0,75.32,0,70.97,0,0,0,850.38,1139.14
Azerbaijan,28.57,0,18.14,95.54,0,58.99,0,58.18,0,59.75,0,0,0,0,15.12,,10.56,0,0,0,0,0,0,0,0,0,28.57,0,18.14,0,0,0,0,0,3.38,0,0.19,0,0,0,63.38,0,0,0,0,0,0,0,0,0,0,0,0,0,0,0,0,0,5.3,0,0,0,24.62,0,21.86,0,13.33,0,0,0,251.16,272.46
Bahrain,82.61,0,75.82,0,0,0,0,0,0,0,0,0,0,0,36.32,0,30.05,0,0,,0,0,0,0,0,0,82.61,0,75.82,0,0,0,0,0,1.6,0,2.36,0,0,0,87.63,0,0,0,0,0,0,0,0,0,0,0,0,0,0,0,0,0,29.85,0,0,0,79.98,0,59.42,0,54.84,0,0,0,698.91,0
Bangladesh,50.05,0,40.08,0,0,0,0,0,0,0,0,0,0,0,9.21,0,10.23,,0,0,0,48.65,0,52.81,0,49.99,40.97,2.93,33.24,16.28,0,15.6,0,16.24,16.19,14.22,7.93,14.53,0,11.8,43.5,39.26,0,37.69,0,0,0,14.37,0,33.44,0,30.1,0,26.87,0,2.41,0,8.34,0.2,24.91,0,2.15,6.2,4.42,15.6,1.92,9.94,22.97,0,2.78,283.34,494.68
Belarus,81.16,31.88,74.41,21.06,0,57.98,0,4.86,0,0.97,0,0.62,0,15.7,21.46,26.28,19.25,24.8,0,27.6,0,0,0,,0,0,81.16,0,74.41,0,0,0,0,0,0.66,0,0.6,0,0,0,86.19,0,0,0,0,0,0,0,0,0,0,0,0,0,0,0,0,0,18.72,0,0,0,70.6,0,73.36,0,67.33,0,0,0,669.31,211.75
Belgium,98.64,0,98.86,0,0,0,0,0,0,0,0,0,0,0,48.33,0,42.86,0,0,0,0,,0,0,0,99.01,98.64,97.94,98.86,0,0,0,0,47.97,0.95,0,1.14,47.97,0,41.76,90.44,0,0,0,0,0,0,41.76,0,56.86,0,99.01,0,97.94,0,93.55,0,0,48.42,0,0,0,94.2,0.42,72.45,92.57,69.01,0,0,0,862.8,816.76
Belize,0,0,0,0,0,0,0,0,0,96.18,0,0,0,0,0,49.82,0,76.98,0,0,0,70.49,0,0,0,,0,0,0,0,0,0,0,0,0,0,0,0,0,0,0,0,0,0,0,0,0,0,0,0,0,0,0,0,0,0,0,0,0,0,0,0,0,0,0,0,0,0,0,0,0,293.47
Benin,38.49,0,31.85,0,0,0,0,0,0,0,0,0,0,0,11.36,0,13.59,0,0,0,0,0,0,0,0,0,31.88,,26.79,48.61,0,41.19,0,44.6,17.17,4.21,5.93,10.64,0,11.14,43.08,11.44,0,8.67,0,8.76,0,8.2,0,35.92,0,24.17,0,0,0,19.15,0,23.79,6.14,28.85,0,7.51,10.6,20.29,16.22,3.4,12.41,39.02,0,4.55,265.51,404.11
Bhutan,0,4.72,0,2.62,0,4.77,0,15.69,0,59.77,0,34.4,0,21.44,0,13.02,0,1.41,0,5.41,0,25.14,0,1.78,0,21.12,0,19.18,0,,0,0,0,0,0,0,0,0,0,0,0,0,0,0,0,0,0,0,0,0,0,0,0,0,0,0,0,0,0,0,0,0,0,0,0,0,0,0,0,0,0,230.47
Bolivia,54.41,0,42.83,0,0,0,0,0,0,0,0,0,0,0,19.98,0,14.65,0,0,0,0,0,0,0,0,0,51.21,0,38.16,0,0,,0,68.89,11.51,56.29,5.71,1.25,0,0,54.29,20.01,0,19.29,0,16.6,0,0,0,0,0,16.28,0,62.79,0,15.23,0,7.6,7.16,55.94,0,0,28.05,67.96,21.17,81.34,14.81,0,0,8.81,363.94,498.28
Bosnia and Herzegovina,58.84,8.53,47.5,56.64,0,0,0,15.11,0,21.86,0,19.14,0,5.82,14.73,11.19,11.96,17.21,0,28.67,0,12.64,0,44.21,0,0,58.84,31.91,47.5,0,0,22.21,0,,6.95,79.34,4.63,0,0,72.29,81.3,0,0,16.82,0,0,0,21.3,0,21.3,0,0,0,16.82,0,0,0,66.52,9.72,79.34,0,72.29,40.41,15.11,41.31,0,32.17,6.3,0,91.95,455.86,854.52
Botswana,51.03,0,34.67,7.99,0,76.94,0,21.51,0,4.57,0,37.68,0,0,8.86,7.39,3.33,14.31,0,6.65,0,61.44,0,4.75,0,18.03,44.83,0,29.82,54.68,0,0,0,42.48,10.75,,4.86,0,0,0,48.85,0,0,0,0,0,0,0,0,0,0,0,0,0,0,0,0,0,7.25,0,0,0,27.17,0,29.72,0,20.44,0,0,0,321.58,358.42
Brazil,70.04,0,56.63,0,0,0,0,0,0,0,0,0,0,0,26.29,0,15.88,0,0,0,0,0,0,0,0,0,70.04,0,56.63,0,0,0,0,0,9.51,0,7.67,84.04,0,,66.2,81.98,0,41.28,0,4.48,0,0,0,0,0,28.29,0,40.75,0,27.56,0,0,27.03,16.14,0,30.54,59.34,58.78,38.84,83.56,34.32,0,0,81.57,538.42,578.97
Bulgaria,72.2,78.3,54.55,5.29,0,0,0,70.79,0,37.87,0,0,0,6.21,18.76,52.42,14.59,16.08,0,7.85,0,14.98,0,6.14,0,5.73,72.2,65.95,54.55,40.43,0,0,0,49.81,3.19,0,4.04,,0,49.87,78.61,83.97,0,0,0,0,0,73.87,0,26.35,0,0,0,22.31,0,0,0,26.35,13.55,50.94,0,0,69.36,22.31,58.3,26.13,40.05,73.87,0,83.97,553.95,997.79
Burkina Faso,43.16,0,26.74,88.9,0,5.67,0,9.07,0,0,0,65.97,0,0,10,29.88,5,7.68,0,49.14,0,4.5,0,12.4,0,13.11,23.34,10.54,10.99,71.29,0,23.27,0,0,4.21,52.98,1.01,37.87,0,0,57.8,,0,29.54,0,25.5,0,36.11,0,2.56,0,8.59,0,7.69,0,6.65,0,6.96,4.82,5.66,0,27.63,12.36,6.57,27.35,12.62,16.07,21.05,0,0,242.85,679.4
Burundi,0,13.03,0,16.02,0,23.76,0,2.22,0,39.93,0,1.59,0,5.4,0,4.88,0,5.39,0,2.86,0,17.95,0,20.23,0,22.15,0,67.22,0,10.15,0,8.86,0,2.7,0,2.48,0,12.41,0,17.27,0,9.08,0,0,0,0,0,,0,0,0,0,0,0,0,0,0,0,0,0,0,0,0,0,0,0,0,0,0,0,0,305.58
Cambodia,21.67,0,14.3,0,0,0,0,0,0,0,0,0,0,0,26.73,0,22.78,0,0,0,0,0,0,0,0,0,17.8,0,10.34,0,0,0,0,0,15.52,0,1.81,0,0,0,33.03,0,0,33.39,0,,0,0,0,23.35,0,27.7,0,0,0,30.54,0,30.88,0.55,30.88,0,30.54,7.19,28.49,6.51,28.49,3.88,0,0,30.31,182.11,294.57
Cameroon,34.59,8.41,24.98,32.6,0,22.37,0,69.3,0,4.41,0,12.45,0,27.26,7.7,3.73,7.01,1.48,0,42.95,0,2.75,0,0,0,26.08,26.87,19.46,20.4,28.3,0,70.49,0,12.63,10.66,14.68,5.9,0.14,0,0.24,50.03,15.1,0,,0,8.34,0,10.79,0,51.65,0,33.89,0,41.33,0,11.5,0,5.08,3.05,7.73,0,6.98,11.25,8.82,18.64,5.21,9.83,31.53,0,4.92,230.91,642.6
Canada,99.73,33.95,99.78,4.7,0,23.53,0,17.75,0,2.34,0,40.48,0,14.34,82.83,1.32,74.23,51.64,0,0.63,0,5.65,0,5.14,0,8.89,99.73,19.24,99.78,25.92,0,28.55,0,64.38,1.18,18.75,1.25,1.64,0,7.35,96.24,1.28,0,20.96,0,26.25,0,34.12,0,,0,99.63,0,99.37,0,0,0,0,82.58,0,0,71.72,96.8,81.01,78.37,81.01,76.29,71.72,0,0,988.79,963.26
Central African Republic,13.75,0,9.2,0,0,80.77,0,99.37,0,94.41,0,0,0,99.63,4.46,0.44,0.8,0.75,0,0,0,0,0,96.73,0,0,13.75,0,9.2,0,0,0,0,0,20.35,0,2.71,96.17,0,0,28.99,82.74,0,0,0,81.2,0,0,0,78.48,0,,0,0,0,0,0,0,2.92,0,0,0,4.19,0,6.23,0,3.54,0,0,0,120.09,810.69
Chad,21.76,0,14.14,0,0,0,0,0,0,0,0,0,0,0,3.86,0,3.66,0,0,0,0,0,0,0,0,0,8.75,0,4.98,0,0,0,0,0,0,0,2.12,0,0,0,0,0,0,0,0,0,0,0,0,0,0,0,0,,0,0,0,0,2.99,0,0,0,3.06,0,13.6,0,8.81,0,0,0,87.73,0
Chile,74.35,0,66.87,0,0,0,0,0,0,0,0,0,0,0,30.92,0,24.39,0,0,0,0,0,0,0,0,0,73.84,0,66.73,0,0,0,0,0,5.01,0,4.63,0,0,0,71.74,0,0,0,0,0,0,0,0,0,0,0,0,0,0,87.06,0,,29.85,0,0,0,59.81,86.43,45.52,24.19,36.86,18.4,0,0,590.52,216.08
China,79.53,24.19,68.88,0,0,18.4,0,0,0,87.06,0,49.24,0,35.52,21.67,86.43,12.43,84.52,0,0,0,0,0,1.23,0,1.28,79.53,83.69,68.88,0,0,61.3,0,65.41,7.78,4.75,8.72,3.98,0,7.86,62.55,6.55,0,24.28,0,78.8,0,7.6,0,0,0,71.89,0,0,0,,0,69.7,19.49,83.08,0,0,65.74,88.71,35.23,0,25.3,0,0,39.18,555.73,1084.65
Colombia,45.76,30.59,35.02,39.18,0,0,0,44.19,0,30.71,0,0,0,30.59,21.25,88.71,10.45,0,0,83.08,0,1.9,0,82.96,0,0,44.89,2.65,33.67,72.32,0,0,0,71.98,9.96,81.54,5.17,2.54,0,3.65,54.27,2.76,0,75.76,0,2.37,0,7.76,0,37.95,0,0,0,52.26,0,44.58,0,0,13.91,59.72,0,47.67,25.65,,24.54,0,18.32,19,0,2.31,342.86,1018.73
Comoros,0,0,0,9.01,0,18.1,0,8.82,0,14.13,0,69.48,0,0,0,12.81,0,43.98,0,55.94,0,61.12,0,0,0,7.65,0,0,0,5.36,0,49.78,0,0,0,5.54,0,17.61,0,20.41,0,36.87,0,20.56,0,36.74,0,23.61,0,28.94,0,13.2,0,0,0,0,0,33.02,0,,0,0,0,24.13,0,0,0,0,0,0,0,616.81
"Congo, Dem. Rep.",25.83,0,17.39,0,0,0,0,0,0,0,0,0,0,0,3.94,0,1.08,0,0,0,0,0,0,0,0,0,15,0,7.88,0,0,0,0,0,8.87,0,1.07,0,0,0,46.65,0,0,0,0,0,0,0,0,0,0,0,0,0,0,0,0,0,1.45,0,0,,6.46,0,12.01,0,7.2,0,0,0,154.83,0
"Congo, Rep.",26.09,0,18.16,0,0,0,0,0,0,0,0,0,0,0,5.2,0,5.48,0,0,0,0,0,0,0,0,0,23.26,0,16.61,0,0,0,0,0,21.6,0,3.6,0,0,0,31.45,0,0,0,0,0,0,0,0,0,0,0,0,0,0,0,0,0,3.97,0,0,0,11.52,0,10.9,,9.09,33.48,0,47.14,186.93,80.62
Costa Rica,67.84,36.89,58.03,4.4,0,10.02,0,7.24,0,7.22,0,6.19,0,10.49,21.22,3.91,11.1,25.76,0,41,0,18.12,0,0,0,9.73,67.84,14.27,58.03,30.15,0,4.36,0,1.44,5.48,0.35,3.94,9.75,0,34.39,64.7,6.01,0,31.31,0,27.2,0,7.6,0,30.78,0,62.73,0,26.5,0,1.9,0,8.58,13.88,22.77,0,17.11,51.65,2.76,41.38,12.33,36.5,68.49,0,,501.59,601.75
Cote d'Ivoire,41.33,57.23,34.17,0,0,0,0,0,0,17.46,0,10.73,0,17.46,2.71,0,0.92,71.42,0,10.73,0,27.08,0,0,0,68.49,14.77,57.23,10.6,0,0,82.51,0,7.66,3.89,0,2.99,64.13,0,7.26,54.74,0,0,9.53,0,38.83,0,21.85,0,18.45,0,12.9,0,20.73,0,52.58,0,11.6,1.35,0,0,38.28,7.08,14.12,23.86,0,15.49,,0,25.97,213.9,764.23
Croatia,86.14,50.76,81,44.01,0,46.03,0,7.74,0,4.29,0,5.29,0,4.52,38.06,4.09,32.01,1.86,0,3.25,0,29.51,0,43.94,0,0,86.14,20.57,81,14.82,0,18.32,0,31.35,1.77,5,2.23,1.9,0,2.36,85.73,39.81,0,5.8,0,2.91,0,4.45,0,23.63,0,30.74,0,26.89,0,18.26,0,69.99,35.47,2.33,0,2.14,67.99,7.9,70.91,27.53,63.25,23.45,0,24.62,731.7,650.06
Cyprus,88.72,,83.81,91.8,0,84.46,0,0,0,0,0,33.03,0,0,24.87,22.14,18.41,0,0,33.03,0,50.57,0,22.14,0,0,88.72,28.83,83.81,91.8,0,84.46,0,0,3.84,90.71,5.59,0,0,2.36,80.33,3.71,0,49.75,0,0,0,87.58,0,63.29,0,0.32,0,3.61,0,4.45,0,0.96,22.94,67.53,0,35.75,57.65,2.07,59.42,0,51.36,0,0,77.27,669.47,1031.62
Czech Republic,80.99,67.38,70.64,,0,93.13,0,0,0,31.24,0,0,0,90.75,29.52,0,25.82,31.24,0,28.47,0,28.47,0,0,0,57.77,80.99,0,70.64,24.68,0,93.13,0,90.75,0,0,0,2.59,0,84.79,95.74,0,0,0,0,73.91,0,4.97,0,0,0,0,0,0.94,0,0.69,0,1.61,25,0.78,0,81.82,74.99,3.71,68.05,32.48,58.6,64.01,0,0,680.98,989.31
Denmark,99.92,0,100,53.2,0,,0,94.86,0,0,0,0,0,94.94,46.31,31.33,41.94,29.1,0,0,0,0,0,31.33,0,29.1,99.92,0,100,0,0,41.87,0,94.94,0,94.86,0,93.63,0,0,95.05,0.57,0,94.33,0,1.12,0,0,0,0,0,86.44,0,87.53,0,0,0,0,44.72,0,0,0,97.36,0,83.57,89.05,77.11,0,0,29.85,885.9,1078.05
Djibouti,0,76.36,0,0,0,70.74,0,100,0,0,0,100,0,,0,0,0,0,0,53.16,0,53.16,0,44.72,0,0,0,44.72,0,0,0,0,0,62.82,0,100,0,0,0,100,0,99.52,0,0,0,0,0,0,0,96.89,0,0,0,0,0,0,0,0,0,0,0,0,0,0,0,0,0,58.5,0,99.02,0,1159.61
Dominican Republic,56.24,0,42.12,88.94,0,0,0,,0,0,0,0,0,83.97,30.29,0,15.41,0,0,0,0,0,0,0,0,0,54.78,0,40.05,0,0,0,0,0,8.93,0,6.41,0,0,0,61.66,0,0,0,0,0,0,0,0,0,0,0,0,0,0,0,0,0,16.43,0,0,0,32.43,0,30.27,0,19.7,0,0,0,414.72,172.91
East Asia & Pacific,73.39,6.74,64.09,5.37,0,51.63,0,1.81,0,4.78,0,5.66,0,5.7,24.85,14.99,17.06,51.47,0,8.45,0,21.35,0,11.62,0,3.58,73.16,0,63.97,13.72,0,10.58,0,6.51,7.9,,7.84,0,0,0,65.6,0,0,0,0,0,0,0,0,0,0,0,0,0,0,0,0,0,20.71,0,0,0,59.21,0,36.32,0,27.58,0,0,0,541.68,223.96
East Asia & Pacific (excluding high income),70.37,0,60.28,0,0,0,0,0,0,0,0,0,0,0,20.76,0,13.32,0,0,0,0,0,0,0,0,0,70.11,0,60.14,0,0,0,0,0,9.03,0,8.55,48.52,0,,61.29,32.91,0,14.78,0,9.81,0,36.43,0,8.86,0,6.47,0,6.75,0,3.16,0,4.68,15.16,28.44,0,6,56.1,40.42,31.76,23.84,22.86,15.61,0,16.21,499.73,302.89
Ecuador,51.25,0,33.4,0,0,0,0,0,0,51.3,0,,0,0,16.66,38.88,12.54,0,0,42.68,0,16.9,0,21.83,0,12.97,50.87,21.65,33.4,16.9,0,12.8,0,73.75,15.78,0,7.94,49.55,0,14.32,58.17,37,0,12.61,0,71.28,0,39.6,0,4.41,0,7.9,0,53.49,0,3.87,0,7.81,8.66,14.17,0,24.06,28.42,13.2,19.55,19.81,10.06,16.65,0,25.34,346.7,724.73
"Egypt, Arab Rep.",32.78,29.32,20.32,10.65,0,9.92,0,21.68,0,,0,17,0,27.01,8.76,64.18,6.83,0,0,59.15,0,23.23,0,0,0,0,32.07,14.74,20.32,23.23,0,0,0,14.74,11.97,70.23,3.28,17.36,0,0,59.39,64.18,0,69.84,0,0,0,59.15,0,15.94,0,0,0,13.59,0,0,0,53.44,3.33,15.87,0,18.4,24.76,4.97,21.05,27.62,13.16,23.08,0,14.09,258.02,782.61
El Salvador,30.35,14.07,19.29,38.27,0,14.8,0,25.03,0,16.05,0,0,0,0,11.55,,7.46,20,0,27.44,0,0,0,24.07,0,7.5,29.34,8.74,17.98,9.12,0,7.29,0,8.74,10.24,9.05,3.74,0,0,34.52,55.56,1.52,0,23.28,0,19.78,0,26.1,0,37.67,0,11.06,0,2.05,0,54.6,0,2.68,5.66,0.9,0,3.51,18.95,2.74,14.74,5.67,7.02,5.13,0,16.24,231.88,477.62
Estonia,97.99,66.6,96.21,4.5,0,22.09,0,1.8,0,14.28,0,16.51,0,2.8,31.84,11.87,19.57,35.85,0,,0,31.26,0,23.08,0,0.18,97.99,10.66,96.21,10.04,0,9.4,0,10.55,0.37,10.04,0.65,52.54,0,9.4,92.99,2.66,0,19.02,0,30.71,0,6.94,0,27.98,0,62.9,0,12,0,3.42,0,4.26,29.35,7.98,0,3.46,92.44,43.14,86.71,9.85,82.2,41.73,0,20.15,824.52,639.65
Ethiopia,34.83,25.84,22.41,51.55,0,24.55,0,3.64,0,20,0,3.57,0,14,10.66,13.97,10.86,,0,10.96,0,99.46,0,99.38,0,0,34.83,0,22.41,33.64,0,0,0,23.59,14.59,33.64,4.61,23.59,0,0,76.46,0,0,99.38,0,47.7,0,0,0,99.46,0,0,0,98.43,0,0,0,0.62,0.29,96.47,0,0,4.32,1.35,8.58,92.18,4.29,0,0,95.04,249.14,1112.01
Euro area,95.3,23.46,93.79,3.03,0,1.2,0,47.98,0,4.35,0,5.67,0,3.22,45.97,8.42,36.69,28.08,0,31.34,0,69.19,0,24.56,0,10.64,95.3,10.13,93.79,2.03,0,0.52,0,28.83,1.11,19.48,1.63,,0,13.61,85.26,59.75,0,5.34,0,53.57,0,46.92,0,7.23,0,5.76,0,4.06,0,1.78,0,2.89,44.79,33.47,0,35.77,86.65,1.03,65.85,5.18,63.06,17.59,0,29.25,809.19,645.33
Europe & Central Asia,81.49,21.77,76.41,30.76,0,3.29,0,1.52,0,43.72,0,51.83,0,1.47,36.8,37.31,30.39,21.82,0,47.56,0,27.48,0,17.85,0,60.26,81.4,12.93,76.29,17.71,0,0.49,0,0.24,1.93,33.21,2.05,22.62,0,29.41,80.32,,0,0,0,32.12,0,40.21,0,0,0,10.09,0,0,0,9.87,0,8.68,34.51,8.59,0,0,70.96,0,59.16,0,53.36,38.94,0,8.47,685.07,640.22
Europe & Central Asia (excluding high income),65.14,31.05,56.23,0,0,65.37,0,0,0,64.87,0,4.01,0,9.85,24.14,0,19.7,5.72,0,0,0,0,0,0,0,0,64.92,0,55.96,0,0,30.23,0,6.23,3.79,0,2.96,0,0,23.37,67.22,17.46,0,77.41,0,82.85,0,,0,0,0,0.48,0,36.69,0,29.32,0,0,21.36,0,0,29.12,51.05,36.43,48.42,0,39.9,28.61,0,2.81,520.79,581.88
Finland,99.79,0,99.46,0,0,0,0,96.73,0,0,0,34.86,0,0,54.2,92.96,40.98,91.18,0,0,0,0,0,,0,0,99.79,0,99.46,0,0,0,0,0,0.33,0,0.1,0,0,0,93.68,0,0,0,0,0,0,0,0,0,0,0,0,0,0,0,0,0,62.78,0,0,0,98.29,0,75.8,0,72.4,0,0,0,897.06,315.73
France,94,0,93.47,0,0,0,0,0,0,0,0,0,0,0,45.15,0,41.71,0,0,0,0,,0,0,0,99.53,94,98.82,93.47,0,0,0,0,52.97,0.92,0,1.83,52.97,0,39.69,81.85,0,0,0,0,0,0,39.69,0,46.29,0,99.53,0,98.82,0,98.04,0,0,40.93,0,0,1.91,84.67,1.06,68.3,92.68,70.48,0,0,0,810.78,822
Gabon,58.6,0,49.83,0,0,0,0,0,0,97.42,0,0,0,0,7.53,65.29,4.7,80.64,0,0,0,79.2,0,0,0,,33.98,99.24,26.96,98.4,0,0,0,0,2.92,44.36,2.12,44.34,0,0,54.82,44.36,0,0,0,44.34,0,0,0,0,0,39.42,0,99.24,0,0,0,98.4,5.89,0.54,0,0,16.3,88.94,38.09,0.63,33.25,0,0,85.32,334.99,1110.08
"Gambia, The",28.56,0,20.56,0,0,0,0,0,0,0,0,0,0,0,5.1,86.34,4.64,0,0,39.76,0,0,0,52.24,0,52.14,28.56,,20.56,66.09,0,58.61,0,0,14.46,7.36,5.15,0,0,12.16,46.47,12.81,0,6.05,0,0,0,5.48,0,49.09,0,47.88,0,6.2,0,18.08,0,27.55,1.75,73.73,0,0.63,3.88,0,12.94,0,9.81,51.49,0,0.05,202.44,673.74
Georgia,61.23,0,46.12,17.37,0,17.67,0,32.12,0,52.24,0,19.27,0,16.84,27.44,29.39,23.26,3.24,0,13.79,0,42.1,0,0,0,0,61.23,33.47,46.12,,0,0,0,0,7.05,0,5.2,0,0,0,68.39,0,0,0,0,0,0,0,0,0,0,0,0,0,0,0,0,0,14.59,0,0,0,39.9,0,46.11,0,33.1,0,0,0,479.74,277.5
Germany,99.14,0,98.12,0,0,0,0,0,0,0,0,0,0,0,54.63,0,41.64,0,0,0,0,0,0,0,0,0,99.14,0,98.12,0,0,,0,70.5,0.5,62.45,0.22,0,0,63.91,86.47,24.22,0,23.88,0,22.01,0,25.98,0,25.98,0,22.01,0,46.34,0,23.5,0,0,52.54,62.45,0,63.84,90.64,70.47,73.9,80.34,70.12,3.59,0,5.14,865.18,696.61
Ghana,57.72,4.72,48.34,66.94,0,18.21,0,31.09,0,12.25,0,9.15,0,17.86,11.6,7.04,9.19,11.64,0,22.16,0,12.92,0,42.28,0,13.1,42.28,46.93,33.28,43.61,0,40.85,0,,7.25,99.98,4.07,0,0,99.94,50.31,0,0,52.16,0,0,0,54.67,0,54.67,0,0,0,52.16,0,0,0,0,5.75,99.98,0,99.94,18.57,24.68,35.76,0,30.38,0.36,0,88.77,354.5,1128.06
Greece,85.47,0,81.52,0.06,0,82.82,0,0,0,0,0,0,0,0,11.19,0,5.73,0,0,0,0,94.01,0,0,0,56.52,85.47,0,81.52,61.74,0,0,0,62.33,6.37,,10.17,54.72,0,68.23,78.76,56.52,0,12.36,0,17.2,0,11.97,0,11.86,0,7.4,0,6.59,0,38.46,0,5.19,11.97,15.08,0,39.2,70.74,45.7,60.06,24.76,52.14,42.94,0,26.81,641.11,842.47
Guatemala,44.11,2.5,30.42,1.91,0,1.03,0,8.28,0,14.87,0,7.77,0,69.18,12.66,13.28,7.1,15.69,0,11.04,0,13.06,0,42.53,0,17.39,43.54,0.87,30.03,0.21,0,53,0,39.24,10.91,41.53,2.66,94.88,0,,48.06,91.64,0,20.11,0,0,0,0,0,0,0,11.32,0,20.11,0,11.32,0,0,6.59,0,0,29.44,15.87,0,15.58,94.88,11.9,0,0,91.64,279.43,818.72
Guinea,23.49,91.34,19.9,1.42,0,0,0,89.68,0,66.27,0,0,0,3.37,5.84,77.22,4.27,0,0,0,0,0,0,0,0,0,14.63,82.98,10.49,23.17,0,0,0,69.14,9.84,0,2.39,,0,63.65,29.7,0,0,0,0,0,0,0,0,0,0,0,0,0,0,0,0,0,2.77,0,0,0,6.51,0,12.69,0,9.87,0,0,0,152.39,568.24
Haiti,32.62,0,17.88,0,0,0,0,0,0,0,0,0,0,0,12.86,0,4.05,0,0,0,0,0,0,0,0,0,28.19,0,14.78,0,0,0,0,0,9.61,0,1.57,0,0,0,31.44,,0,23.74,0,23.76,0,30.44,0,2.14,0,7.86,0,8.22,0,6.11,0,6.82,6.89,5.56,0,31.32,10.86,6.37,18.61,12.84,10.99,13.77,0,0,200.35,178.95
High income,93.67,82.16,89.99,76.67,0,0,0,3.28,0,3.29,0,0,0,78.83,55,72.77,43.93,0,0,0,0,0,0,66.06,0,0,93.65,0,89.97,0,0,0,0,68.64,1.14,33.79,1.61,51.86,0,0,89.27,0,0,80.78,0,,0,45.44,0,74.72,0,0,0,0.54,0,0,0,33.23,54.81,32.94,0,0,83.14,26.38,66.96,26.16,59.68,3.12,0,37.83,822.82,898.49
Honduras,45.34,12.11,33.1,11.47,0,30.39,0,3.61,0,31.26,0,4,0,7.94,14.17,4.06,7.47,5.63,0,3.1,0,32.16,0,33.55,0,38.89,42.94,75.64,31.39,22.2,0,3.69,0,0.9,10.49,1.14,4.53,11.66,0,16.58,44.56,13.18,0,0,0,0,0,,0,0,0,0,0,0,0,0,0,0,4.52,0,0,0,16.92,0,20.14,0,14,0,0,0,289.57,363.16
"Hong Kong SAR, China",95.28,0,92.37,0,0,0,0,0,0,0,0,0,0,0,62.06,0,43.6,0,0,0,0,0,0,0,0,0,95.28,0,92.37,0,0,0,0,0,2.41,0,3.84,0,0,0,89.31,0,0,37.85,0,,0,0,0,26.97,0,37.14,0,0,0,12.26,0,11.07,65.42,10.32,0,12.22,82.88,6.82,57.2,5.77,49.48,0,0,66.12,831.5,226.54
Hungary,74.94,6.06,67.67,33.88,0,23.72,0,54.95,0,2.17,0,6.1,0,35.33,15.93,1.61,14.28,8.74,0,38.5,0,9.56,0,3.94,0,26.71,74.94,46.3,67.67,19.77,0,47.18,0,25.34,1.05,13.53,1.41,4.15,0,3.32,88.6,14.55,0,,0,9.77,0,15.45,0,97.8,0,96.46,0,0,0,70,0,0,13.13,51.93,0,70,69.5,0,54.39,0,50.85,0,0,51.93,594.36,888.75
Iceland,0,0,0,54.31,0,97.8,0,0,0,1.65,0,87.59,0,96.46,0,0,0,91.38,0,2.88,0,0,0,0,0,0,0,0,0,0,0,0,0,0,0,0,0,71.63,0,88.06,0,0,0,65.39,0,0,0,73.01,0,,0,88.22,0,81.25,0,0,0,0,0,0,0,14.07,0,18.92,0,18.92,0,14.07,0,0,0,965.61
India,79.88,53.59,77.08,0,0,33.86,0,81.25,0,89.59,0,0,0,88.22,8.15,1.16,6.3,1.87,0,0,0,0,0,85.97,0,64.86,79.84,74.64,77.08,0.84,0,5.08,0,1.4,38.34,6.78,38.37,79.02,0,3.34,41.63,15.92,0,0,0,75.22,0,0,0,65.81,0,,0,100,0,0,0,100,3,73.36,0,0,32.72,0,16.46,67.68,12.07,0,0,73.36,510.92,1242.82
Indonesia,48.86,67.68,36.6,0,0,0,0,100,0,0,0,100,0,57.56,18.44,98.48,13.33,0,0,0.13,0,97.92,0,0,0,0,48.39,0,36.03,0,0,0,0,0,17.32,0,9.78,0,0,0,44.36,94.14,0,89.05,0,0,0,74,0,0,0,84.87,0,,0,78.25,0,77.53,2.44,1.69,0,12.81,30.81,77.26,21.4,11.14,14.12,11.78,0,11.03,341.88,1145.32
"Iran, Islamic Rep.",93.98,10.57,93.25,10.68,0,25.5,0,9.25,0,78.15,0,77.3,0,5.86,27.81,77.03,23.3,35.39,0,27.58,0,35.11,0,31.01,0,28.89,93.36,7.72,92.34,4.18,0,11.9,0,10.44,2.13,10.42,1.84,8.61,0,6.52,67.27,7.75,0,3.38,0,4.62,0,27.07,0,19.4,0,18.33,0,17.95,0,51.76,0,,9.12,45.86,0,0,79.2,46.93,65.18,13.22,65.32,14.76,0,14.25,714.1,797.39
Iraq,22.67,12.86,18.69,13.15,0,14.24,0,0,0,50.51,0,6.44,0,28.63,3.05,44.91,1.52,50.64,0,45.21,0,11.37,0,17.23,0,8.27,20.33,42.69,16.77,10.08,0,9.26,0,12.95,11.12,21.19,3.16,16.94,0,22.39,11.2,39.66,0,1.6,0,35.1,0,6.23,0,1.42,0,23,0,20.74,0,,0,20.39,1.8,87.4,0,0,6.37,89.98,10.72,0.91,8.39,0,0,25.56,135.79,790.95
Ireland,95.34,24.41,92.94,25.1,0,0,0,34.62,0,33.45,0,8.41,0,24.14,50.61,89.62,41,0,0,87.4,0,3.98,0,68.59,0,0,95.34,4.85,92.94,77.77,0,0,0,0,0.49,0,1.16,3.83,0,1.54,87.81,1.32,0,82.53,0,2.82,0,7.34,0,7.47,0,0,0,52.2,0,46.96,0,0,50.86,18.57,0,14.43,84.75,,66.43,16.28,62.14,4.14,0,0,821.81,741.77
Israel,92.81,3.12,85.69,2.55,0,3.63,0,2.55,0,0,0,36.4,0,2.85,78.84,0,67.53,11.64,0,15.76,0,72.58,0,15.7,0,20.4,92.81,3.33,85.69,3.03,0,14.67,0,4.91,0.98,5.11,2.28,23.07,0,6.11,95.59,46.35,0,35.66,0,69.15,0,16.75,0,9.76,0,1.56,0,2.74,0,6.61,0,7.57,75.02,,0,99.66,31.01,4.94,79.35,99.29,73.23,0,0,0,860.83,647.45
Italy,93.79,54.1,90.63,0,0,56.51,0,0,0,0,0,56.51,0,54.1,45.67,0,36.25,99.66,0,59.33,0,0,0,99.29,0,89.45,93.79,1,90.63,0,0,2.49,0,88.24,0.84,0,1.26,0,0,0,83.81,0,0,0,0,0,0,0,0,0,0,93.48,0,54.96,0,66.86,0,0,42.48,60.52,0,,84.6,0,53.93,92.93,51.45,0,0,89.02,769.13,1118.45
Jamaica,0,0,0,79.51,0,0,0,79.51,0,71.39,0,0,0,71.39,0,38.19,0,42.49,0,0,0,89.02,0,92.93,0,0,0,86.09,0,0.46,0,0,0,1.07,0,84.23,0,71.84,0,0,0,81.82,0,2.02,0,1.24,0,0.49,0,5.36,0,1.34,0,30.6,0,0,0,79.05,0,0,0,72.92,0,78.36,0,,0,94.79,0,97.29,0,1353.4
Japan,98.24,0,97.54,0,0,55,0,51.94,0,0,0,55,0,0,54.11,51.94,47.53,0,0,0,0,97.29,0,27.76,0,94.79,98.24,0,97.54,90.87,0,0.36,0,0,0.95,0.65,1.46,0,0,75.66,89.11,0,0,0,0,0,0,0,0,0,0,0,0,0,0,57.88,0,82.26,68.38,55.06,0,0,86.99,0,79.8,60.31,72.97,73.3,0,,892.86,930.07
Jordan,42.49,67.69,32.88,64.28,0,0.44,0,9.39,0,12.04,0,4.62,0,12.04,17.8,9.39,15.6,47.33,0,4.62,0,20.31,0,9.65,0,72.67,42.08,66.79,32.88,64.28,0,71.34,0,16.12,8.08,12.4,3.44,60.15,0,14.62,67.43,16.81,0,8.52,0,24.85,0,12.9,0,12.92,0,11.96,0,17.23,0,46.7,0,11.39,2.53,10.36,0,32.1,30.76,11.81,25.63,27.03,20.57,,0,26.2,342.17,910.95
Kazakhstan,58.7,98.49,48.81,98.47,0,0,0,61.19,0,51.87,0,0,0,0,28.2,61.19,25.27,51.87,0,0,0,0,0,0,0,26.09,58.7,98.49,48.81,98.47,0,0,0,80.39,3.55,0.94,2.27,0.92,0,0,69.85,93.67,0,0,0,0,0,0,0,0,0,0,0,0,0,0,0,0,19.97,69.66,0,0,39.72,88.33,43.39,87.34,34.05,84.09,0,0,481.29,1151.47
Kenya,81.57,,70.45,47.12,0,37.01,0,0.14,0,0,0,9.92,0,0,19.24,7.56,13.22,0,0,9.86,0,53.92,0,7.56,0,5.44,55.72,5.35,37.31,43.35,0,31.76,0,0,2.38,88.98,3.26,0,0,12.25,67.83,5.38,0,5.17,0,0,0,49.83,0,11.93,0,5.19,0,15.55,0,53.11,0,5.78,5.69,32.43,0,2.82,37.55,6.78,60.86,0,46.58,0,0,27.02,501.66,581.21
"Korea, Rep.",94.85,21.86,92.15,,0,81.11,0,77.84,0,29.76,0,0,0,82.08,63.16,26.89,55.64,29.76,0,30.04,0,30.04,0,26.89,0,44.42,94.85,0,92.15,30.13,0,81.11,0,82.08,1,77.84,0.53,1.48,0,80.25,93.98,1.64,0,45.18,0,68.33,0,1.75,0,52.73,0,57.26,0,9.79,0,3.69,0,7.33,63.66,7.16,0,59.98,75.28,10.11,61.03,20.86,58.88,55.33,0,16.98,847.16,1251.7
Kosovo,52.27,53.09,44.33,54.58,0,,0,67.45,0,29.64,0,74.99,0,79.2,14.68,39.69,7.97,32.2,0,37.45,0,20.96,0,22.17,0,14.56,52.27,44.51,44.33,55.55,0,11.31,0,50.57,10.38,35.59,6.38,47.44,0,45.89,62.03,1.8,0,50.01,0,0.88,0,1.31,0,30.8,0,18.12,0,36.81,0,20.04,0,16.41,10.37,45.88,0,13.2,37.44,20.93,28.42,22.42,23,5.54,0,6.35,393.87,1107.34
Kuwait,79.84,56.74,70.8,54.55,0,44.07,0,98.67,0,0,0,96.89,0,,28.45,0,18.7,0,0,68.63,0,68.63,0,54.76,0,0,79.84,54.76,70.8,0,0,0,0,65.62,2.9,98.67,1.17,0,0,96.89,88.95,86.56,0,1.47,0,0,0,0.63,0,92.79,0,0,0,0,0,0,0,0,22.28,0,0,0,77.78,0,58.52,0,49.76,68.44,0,84.01,649.79,1192.78
Kyrgyz Republic,39.94,0,35.68,85.88,0,0,0,,0,51.87,0,58.01,0,80.08,10.22,58.88,7.33,17.61,0,0,0,14.87,0,20.7,0,17.61,38.28,20.7,35.52,14.87,0,64.8,0,0,6.23,8.33,3.93,51.87,0,58.01,34.97,58.88,0,5.89,0,8.64,0,92.55,0,7.34,0,56.8,0,19.92,0,21.99,0,16.04,3.63,13.77,0,7.38,19.32,7.23,22.56,22.7,18.69,40.07,0,6.47,276.3,1009.76
Lao PDR,29.06,12.88,17.37,11.86,0,34.31,0,29.75,0,0,0,,0,33.17,8.64,0,7.53,0,0,0,0,0,0,0,0,0,29.06,0,17.37,0,0,0,0,0,22.82,0,5.47,0,0,0,57.8,0,0,0,0,0,0,0,0,0,0,0,0,0,0,0,0,0,0.55,0,0,0,12.65,0,9.64,0,3.38,0,0,0,221.34,121.97
Latin America & Caribbean,55.24,26.42,42.89,80,0,73.88,0,78.04,0,0,0,3.67,0,0,21.35,3.6,12.46,0,0,69.37,0,66,0,56.89,0,7.86,54.34,7.16,42.03,6.42,0,15.3,0,3.65,8.66,66.07,5.42,0,0,29.42,61.61,47.52,0,,0,40.72,0,0,0,98.51,0,97.38,0,0,0,48.21,0,0,18.8,44.8,0,48.21,41.56,0,30.4,0,24.12,0,0,44.8,418.88,1063.9
Latin America & Caribbean (excluding high income),54.49,0,41.96,34.72,0,98.51,0,0,0,0.51,0,90.35,0,97.38,20.88,0,11.92,83.36,0,0.72,0,0,0,0,0,80.13,53.57,0,41.07,0,0,0,0,0,8.87,0,5.46,49.72,0,88.44,61.08,0,0,60.36,0,0,0,60.46,0,,0,89.57,0,86.31,0,0.49,0,0,18.3,0,0,35.64,40.81,39.51,29.81,39.32,23.6,35.54,0,0,411.82,1071.04
Latvia,93.22,0,88.52,0,0,0,0,0,0,,0,0,0,0,18.99,45.09,14.2,44.65,0,44.09,0,18.23,0,1.29,0,23,93.22,19.3,88.52,17.73,0,22.74,0,19.09,1.71,50.34,2.01,9.59,0,8.41,92.72,40.97,0,84.82,0,41.21,0,40.92,0,7.23,0,4.19,0,4.08,0,6.99,0,53.15,16.67,11.37,0,25.03,86.17,7.83,84.71,17.99,77.92,42.24,0,13.89,758.58,725.46
Lebanon,44.75,15.24,29.89,28.04,0,3.13,0,25.39,0,23.62,0,26.19,0,1.33,22.62,,16.52,22.8,0,37.32,0,0,0,30.08,0,9.18,44.75,9.16,29.89,6.77,0,9.14,0,9.16,6.14,6.77,4.29,0,0,39.24,81.62,11.2,0,30.08,0,22.8,0,37.32,0,48.05,0,20.85,0,7.16,0,49.36,0,8.21,14.94,2.13,0,8.96,34.8,5.7,18.6,28.76,10.19,26.79,0,20.42,359,630.35
Lesotho,45.56,51.58,32.39,10.98,0,23.45,0,0.58,0,9.81,0,13.33,0,1,5.57,6.59,4.06,96.62,0,,0,0,0,94.06,0,0,33.32,22.73,23.16,0,0,21.46,0,22.73,12.65,0,7.66,0,0,21.46,44.54,0,0,94.06,0,96.62,0,50.82,0,0,0,94.92,0,1.26,0,2.01,0,0,3.44,0,0,77.5,20.45,86.44,24.99,87.59,13.8,0,0,0,271.59,987.6
Liberia,35.71,0,26.6,0,0,0,0,17.08,0,82.77,0,0,0,88.53,8.09,0,6.91,,0,78.62,0,12.85,0,20.7,0,0,21.58,0,12.88,3.31,0,0,0,2.27,10.37,3.31,3.14,2.27,0,0,50.65,32.91,0,20.7,0,0,0,0,0,12.85,0,0,0,96.65,0,0,0,20.87,1.26,38.99,0,0,4.3,2.2,17.71,1.65,11.23,2.96,0,2.82,210.43,544.31
Libya,65.67,22.69,58.28,5.23,0,61.46,0,15.92,0,0,0,2.99,0,30.37,8.38,9.69,5.67,7.48,0,0,0,0,0,,0,0,65.67,0,58.28,0,0,0,0,0,20.97,0,13.88,0,0,0,47.35,0,0,0,0,0,0,0,0,0,0,0,0,0,0,0,0,0,10.3,0,0,0,23.2,0,18.01,0,14.78,0,0,0,410.44,155.83
Lithuania,82.88,0,77.93,0,0,0,0,0,0,0,0,0,0,0,20.67,0,16.4,0,0,0,0,,0,0,0,51.63,82.88,42.1,77.93,45.91,0,2.83,0,16.55,3.09,18.44,4.41,15.41,0,16.76,84.98,17.44,0,19.15,0,50.35,0,16.06,0,4.72,0,28.59,0,24.39,0,26.87,0,30.96,16.29,5.06,0,4.69,55.69,8.6,67.22,35.71,59.72,8.21,0,7.57,650.09,498
Low & middle income,62.98,0,54.69,2.63,0,36.95,0,86.05,0,87.49,0,0,0,89.31,15.12,1.47,10.51,1.71,0,0,0,0,0,79.68,0,0,61.28,59.23,53.26,0,0,0,0,0,16.72,0,12.97,76.19,0,0,55.77,38.44,0,0,0,60.93,0,0,0,57.54,0,,0,77.79,0,0,0,71.64,10.07,28.86,0,0,39.84,1.16,26.86,24.58,20.1,0,0,28.4,440.17,910.05
Low income,31.53,24.35,22.22,54.63,0,6.23,0,77.17,0,0,0,71.03,0,33.02,7.68,82.47,6.05,0,0,3.09,0,70.27,0,3.06,0,0,23.05,43.62,15.08,54.07,0,6.96,0,12.41,10.36,6.49,2.86,11.1,0,18.08,58.44,58.66,0,57.33,0,0,0,24.23,0,0,0,50.62,0,,0,94.41,0,96.36,2.09,0.04,0,55.93,7.22,0,15.13,0,9.35,55.91,0,45.49,211.06,1117.03
Lower middle income,58.27,0,51.35,45.48,0,0,0,51.14,0,94.4,0,96.35,0,0.16,10.11,0,8.11,0.62,0,90.62,0,0.81,0,0,0,89.91,56.09,0,49.49,0,0,78.32,0,0,26.97,0,19.1,0,0,0,47.52,0,0,0,0,57.42,0,86.08,0,69.67,0,0,0,66.05,0,73.55,0,,3.09,0,0,3.14,27.62,67.93,19.65,30.33,14.12,21.01,0,0,391.49,1022.99
Luxembourg,98.77,7.19,98.32,35.19,0,35.47,0,65.46,0,7.64,0,20.82,0,41.8,72.15,3.47,65.69,27.51,0,4.46,0,20.69,0,23.71,0,,98.77,0,98.32,0,0,0,0,0,0.16,0,0.4,0,0,0,89.14,0,0,0,0,0,0,0,0,0,0,0,0,0,0,0,0,0,69.8,0,0,0,89.54,0,76.45,0,79.88,0,0,0,937.39,293.41
Madagascar,17.87,0,12.34,0,0,0,0,0,0,0,0,0,0,0,3.81,0,2.35,0,0,0,0,0,0,0,0,0,9.57,,4.27,93.53,0,91.33,0,0,0,0,0.56,0,0,11.95,0,6.92,0,6.92,0,0,0,11.95,0,0,0,0,0,31.4,0,91.33,0,93.53,0.96,87.33,0,1.28,3.25,0,9.07,0,6.79,77.85,0,1.63,70.84,606.95
Malawi,33.71,0,21.21,68.07,0,77.14,0,0,0,0,0,0,0,0,8.6,0,7.88,11.89,0,74.42,0,64.7,0,0,0,0,22.99,63.63,14.53,,0,0,0,0,9.57,0,3.75,0,0,0,42.21,0,0,0,0,0,0,0,0,0,0,0,0,0,0,0,0,0,1.29,0,0,0,11.17,0,18.85,0,10.35,0,0,0,206.11,359.85
Malaysia,85.34,0,80.5,0,0,0,0,0,0,0,0,0,0,0,23.36,0,16.17,0,0,0,0,0,0,0,0,0,85.13,0,80.18,0,0,,0,0,10.14,0,10.82,0,0,0,65.43,0,0,0,0,0,0,0,0,0,0,0,0,0,0,0,0,0,21.31,0,0,0,73.76,0,44.34,0,34.8,0,0,0,631.28,0
Maldives,79.55,0,71.41,0,0,0,0,0,0,0,0,0,0,0,19.71,0,15.62,0,0,0,0,0,0,0,0,0,79.44,0,71.41,0,0,0,0,,6.09,42.71,4.04,38.74,0,33.09,82.91,2.72,0,7.52,0,10.23,0,10.05,0,7.99,0,8.09,0,6.34,0,17.83,0,53.25,13.82,20.22,0,14.52,70.94,0,49.86,18.58,40.63,4.36,0,21.23,605.43,317.47
Mali,35.42,0.82,31.26,1.76,0,32.93,0,4.58,0,16.8,0,7.85,0,7.19,8.04,26.78,6.69,74.29,0,38.18,0,7.88,0,18.88,0,0.97,18.15,1.11,15.14,23.38,0,22.19,0,17.25,7.57,,2.76,82.98,0,88.37,44.01,0,0,0,0,15.11,0,3.83,0,7.07,0,13.48,0,0,0,24.39,0,6.51,6.66,31.99,0,88.17,9.51,13.61,17.75,82.98,14.68,87.47,0,0,217.64,848.8
Malta,97.36,3.96,94.66,0,0,5.35,0,0,0,50.31,0,28.86,0,77.5,43.23,0.79,27.82,2.78,0,1.41,0,0.22,0,2.57,0,83.25,97.36,7.89,94.66,0,0,63.23,0,0,2.83,59.39,4.47,0,0,,83.67,0,0,0,0,0,0,0,0,0,0,0,0,0,0,0,0,0,47.11,0,0,0,86.32,0,67.75,0,56.73,0,0,0,803.97,387.51
Mauritania,20.87,0,0,0,0,0,0,0,0,0,0,0,0,0,9.25,0,0,0,0,0,0,0,0,0,0,0,19.03,0,0,0,0,0,0,0,5.75,0,0,,0,0,57.9,43.5,0,2.83,0,39.94,0,37.51,0,12.85,0,13.13,0,12,0,12.04,0,10.98,3.31,31.97,0,12.53,9.95,11.13,11.88,5.23,0,27.17,0,28.44,137.94,301.25
Mauritius,89.84,26.54,86.32,25.74,0,10.74,0,5.64,0,10.28,0,36.9,0,6.4,22.88,10.03,13.15,28.97,0,11.05,0,28.65,0,31.79,0,59.26,89.49,17.65,85.71,13.44,0,5.98,0,6.32,7.37,27.56,9.84,24.5,0,23.85,70.47,,0,0,0,93.35,0,96.45,0,0,0,38.94,0,0,0,38.94,0,27.59,24.12,27.59,0,0,73.8,0,50.32,0,39.54,96.45,0,39.17,662.85,869.77
Mexico,36.93,93.35,25.85,0,0,88.92,0,0,0,80.11,0,4.54,0,2.37,11.83,0,5.15,0,0,0,0,0,0,0,0,0,35.44,0,24.63,0,0,89.13,0,42.48,8.62,0,3.72,0,0,69.4,45.37,59.33,0,0,0,0,0,,0,0,0,0,0,0,0,0,0,0,9.53,0,0,0,24.63,0,20.94,0,12.97,0,0,0,265.61,529.63
Middle East & North Africa,47.51,29.67,39.5,0,0,20.29,0,13.82,0,71.71,0,26.01,0,0,12.52,66.03,9.94,75.15,0,0,0,0,0,5.89,0,5.47,47.04,67.12,39.13,0,0,0,0,41.43,8.42,0,4.12,0,0,0,66.53,0,0,27.5,0,54.08,0,0,0,0,0,42.94,0,0,0,,0,39.03,6.6,67.14,0,0,35.71,72.95,27.72,3.3,22.57,0,0,30.51,367.31,760.04
Middle East & North Africa (excluding high income),43.42,21.06,35.27,29.82,0,0,0,62.85,0,25,0,14.55,0,20.3,9.57,71,7.57,0,0,65.15,0,6.15,0,74.64,0,0,42.91,5.67,34.87,66.22,0,0,0,27.17,9.55,40.3,4.28,22.4,0,11.8,63.78,11.61,0,52.89,0,11.5,0,22.5,0,27.57,0,0,0,41.65,0,37.64,0,0,3.4,71.38,0,66.55,31.77,,24.89,0,19.98,22.94,0,1.74,331.26,932.05
Middle income,64.86,0,56.59,18.43,0,21.96,0,17.78,0,7.22,0,36.2,0,0,15.56,18.59,10.78,64.02,0,68.63,0,56.85,0,0,0,12.79,63.57,0,55.5,11.52,0,56.36,0,0,16.91,29.15,13.57,11.09,0,37.17,55.71,13.17,0,8,0,22.51,0,9.75,0,44.81,0,16.71,0,0,0,0,0,36.12,10.55,,0,38.99,41.8,30.95,27.56,29.52,20.73,5.3,0,0,453.69,723.59
Moldova,43.79,0,31.51,0,0,0,0,0,0,0,0,0,0,0,20.31,0,12.15,0,0,0,0,0,0,0,0,0,43.79,0,31.51,0,0,0,0,0,3.02,0,1.34,0,0,0,43.71,0,0,90.53,0,,0,0,0,90.55,0,0,0,0.69,0,0,0,20.28,17.02,20.09,0,0,24.8,15.06,33.3,14.83,22.47,9.66,0,53.19,328.72,314.88
Mongolia,92.97,23.17,90.59,89.96,0,90.32,0,80.92,0,0,0,4.2,0,0,30.37,6.85,25.64,0,0,84.44,0,49.06,0,35.49,0,1.59,92.97,2.41,90.59,2.96,0,6.13,0,1.57,3.9,80.52,5.76,0,0,20.06,84.48,66.86,0,,0,60.49,0,0,0,0,0,0,0,0,0,0,0,0,3.21,0,0,0,75.7,0,61.16,0,55.36,0,0,0,712.7,707
Montenegro,68.36,0,60.27,0,0,0,0,0,0,0,0,0,0,0,23.75,0,19.84,0,0,0,0,0,0,0,0,0,68.36,0,60.27,0,0,0,0,0,7.12,0,6.85,0,0,0,76.8,0,0,0,0,0,0,0,0,,0,64.25,0,54.43,0,0,0,56.91,16.68,11.32,0,9.38,36.4,13.18,49,13.18,40.91,9.38,0,11.32,534.61,243.35
Morocco,28.64,45.58,19.29,0,0,6.86,0,54.43,0,83.72,0,56.91,0,64.25,2.64,3.54,1.94,2.8,0,2.96,0,32.16,0,70.81,0,26.85,28.41,37.82,19.03,13.51,0,19.63,0,8.35,15.23,21.95,4.89,46.09,0,16.08,69.48,8.09,0,43.66,0,49.16,0,6.24,0,38.93,0,,0,98.46,0,98.16,0,98.29,0.19,35.48,0,40.77,21.12,2.99,13.03,31.86,6.91,39.93,0,34.39,230.8,1240.71
Mozambique,41.67,31.86,26.8,0,0,15.49,0,98.17,0,98.16,0,97.56,0,60.6,11.03,82.54,8.16,0.42,0,0.37,0,85.99,0,0.5,0,80.11,33,82.35,20.18,86.09,0,0,0,0,12.98,0,3.84,0,0,0,45.89,87.21,0,93.25,0,4.12,0,6.96,0,93.11,0,92.41,0,,0,0,0,0,8.95,0,0,0,19.84,0,23.32,0,12.17,0,0,0,267.83,1197.27
Myanmar,25.99,0,22.54,0,0,0,0,0,0,0,0,0,0,0,19.09,0,24.07,0,0,0,0,0,0,0,0,0,25.61,0,22.07,0,0,0,0,0,32.77,0,8.49,0,0,0,38.82,0,0,0,0,0,0,0,0,0,0,0,0,0,0,44.37,0,,0.06,0,0,0,4.88,33.93,5.66,5.05,3.54,3.66,0,0,233.59,87.01
Namibia,80.63,4.98,70.42,0,0,3.49,0,0,0,42.24,0,4.94,0,58.37,16.94,31.27,10.5,66.91,0,0,0,0,0,17.7,0,8.56,77.34,52.59,68.24,0,0,4.25,0,9.99,5.73,10.78,7.16,11.48,0,15.12,73,52.46,0,1.05,0,31.72,0,8.15,0,0,0,21.43,0,0,0,,0,15.55,15.38,34.48,0,47.72,65.08,49.49,60.07,7.99,42.27,14.04,0,14.95,592.76,641.7
Nepal,45.39,6.6,37.92,10.27,0,9.78,0,30.39,0,7.31,0,19.25,0,4.91,13.64,38.63,13.34,37.19,0,27.01,0,12.66,0,20.38,0,6.79,45.39,7.52,37.92,38.33,0,14.1,0,7.17,24.76,13.05,14.46,16.74,0,27.55,53.5,28.46,0,17.95,0,19.28,0,44.4,0,10.87,0,11.58,0,23.81,0,14.99,0,21.53,0.67,47.79,0,32.99,8.73,,11.08,0,6.27,9.95,0,3.48,313.07,642.71
Netherlands,99.64,0,99.79,7.12,0,7.06,0,6.17,0,19.55,0,32.07,0,0,37.37,5.5,24.04,21.32,0,36.14,0,73.77,0,0,0,11.6,99.64,0,99.79,5.47,0,40.93,0,0,0.79,6.56,0.93,29.94,0,16.26,92.47,17.32,0,8.17,0,52.3,0,28.4,0,25.85,0,2,0,0,0,0,0,20.83,39.1,,0,71.35,98.81,14.99,76.73,56.38,70.81,6.49,0,65.12,839.91,688.66
New Zealand,99.18,23.4,98.97,18.66,0,12.17,0,15.63,0,39.19,0,10.29,0,20.96,66.48,27.32,55.77,65.57,0,23.61,0,59.06,0,48.46,0,50.31,99.18,4.91,98.97,3.88,0,4.73,0,64.03,0.42,23.37,0.34,31.74,0,15.32,95.13,12.2,0,23.95,0,10.6,0,15,0,10.79,0,46.63,0,13.25,0,50.48,0,9.23,60.87,32.22,0,,96.18,43.28,81.72,54,83.99,51.59,0,44.55,937.2,980.38
Nicaragua,30.86,0,19.94,14.9,0,14.93,0,14.1,0,13.27,0,14.6,0,14.1,13.43,43.02,11.05,8.36,0,0,0,43.89,0,52.8,0,50.47,28.43,39.93,17.69,26.03,0,14.47,0,16.3,11.08,45.01,3.02,2.22,0,3.73,37.65,5.41,0,11.15,0,8.78,0,11.57,0,37.79,0,5.46,0,13.81,0,1.98,0,1.87,4.94,17.67,0,14.55,15.7,19.43,16.08,,8.73,99.33,0,99.73,218.6,780.66
Niger,15.52,0,10.49,0,0,34.44,0,23.81,0,0,0,34.44,0,0,3.8,23.81,4.67,0,0,0,0,99.73,0,60.53,0,99.33,9.52,0,6.04,94.02,0,0.68,0,0,0,1.53,1.3,0,0,91.79,0,0,0,0,0,0,0,0,0,0,0,0,0,0,0,37.43,0,98.31,2.05,76.06,0,0,2.95,0,8.62,69.86,4.69,98.75,0,,69.65,944.52
Nigeria,39.67,96.87,24.53,0,0,0,0,0,0,60.38,0,48.6,0,60.38,5.3,0,3.35,0,0,48.6,0,84.87,0,0,0,98.75,39.41,96.87,24.53,0,0,94.51,0,0.66,10.46,0,2.05,96.92,0,0.76,77.6,0,0,0,0,0,0,0,0,0,0,0,0,0,0,96.41,0,0,2.59,0,0,85.15,31.55,57.21,22.84,0,14.09,,0,83.03,297.97,1109.97
North America,93.81,12.53,86.73,0,0,9.95,0,0,0,34.27,0,7.5,0,9.08,69.86,17.09,51.66,23.88,0,0,0,0,0,17.93,0,24.85,93.81,7.09,86.73,0,0,3.46,0,40.91,0.71,0,1.41,6.79,0,4.68,93.73,28.04,0,65.46,0,32.29,0,27.44,0,21.78,0,9.99,0,3.29,0,22.02,0,0,67.37,15.56,0,,81.95,0,66.38,62.38,52.51,0,0,58.42,846.66,566.68
North Macedonia,76.57,26.03,66.67,21.36,0,20.46,0,12.42,0,8.14,0,10.48,0,0,20.49,12.18,10.62,8.14,0,10.4,0,0,0,59.44,0,7.31,76.57,23.19,66.67,17.97,0,17.88,0,49.98,7.16,6.84,8.46,0.64,0,1.89,72.04,44.83,0,6.79,0,4.02,0,4.03,0,30.03,0,50.89,0,36.53,0,29.15,0,50.59,17.38,2.89,0,2,53.3,11.92,51.97,10.19,37.59,6.71,0,8.69,565.49,614.01
Norway,99.75,,99.36,0,0,0,0,0,0,0,0,0,0,0,69.46,0,62,0,0,0,0,0,0,0,0,0,99.75,0,99.36,0,0,0,0,0,0.28,0,0,0,0,0,97.78,0,0,0,0,0,0,0,0,0,0,0,0,0,0,0,0,0,70.5,0,0,0,98.09,0,89.86,0,88.95,0,0,0,975.14,0
OECD members,94.46,2.14,90.92,13.15,0,0,0,11.74,0,10.74,0,0,0,11.65,56.32,31.58,45.19,9.79,0,8.46,0,54.83,0,58.5,0,0,94.45,38.18,90.91,24.24,0,0,0,18.79,0.91,38.69,1.36,5.81,0,0,89.96,11.86,0,12.69,0,16.97,0,14.91,0,28.67,0,9.5,0,27.13,0,0,0,4.08,56.25,0,0,19.45,83.94,23.26,68.37,,61.11,46.13,0,52.84,834.15,605.78
Oman,0,0,0,,0,45.32,0,33.92,0,7.04,0,0,0,32.69,0,5.77,0,6.4,0,5.47,0,5.14,0,5.63,0,36.95,0,0,0,22.19,0,45.14,0,32.53,0,33.81,0,9.78,0,24.86,0,5.37,0,4.39,0,74.28,0,6.16,0,3.24,0,9.1,0,20.03,0,17.92,0,16.94,0,10.34,0,35.33,0,37.77,0,1.61,0,25.38,0,1.74,0,622.24
Pakistan,21.29,18.38,14.22,14.2,0,,0,77.69,0,0,0,0,0,85.29,2.64,22.1,2.72,17.64,0,0,0,0,0,22.1,0,17.64,18.05,53.52,12.79,0,0,11.51,0,85.29,7.06,77.69,1.75,88.42,0,0,36.84,6.85,0,50.31,0,9.13,0,0,0,0,0,28.26,0,44.83,0,6.53,0,3.51,0.97,7.11,0,3.25,8.3,3.77,8.51,52.63,5.88,0,0,22.2,141.02,829.85
Panama,46.49,48.47,32.86,0,0,36.26,0,99.48,0,0,0,98.68,0,,13.3,0,7.65,0,0,66.82,0,66.82,0,55.15,0,0,45.82,55.15,32.49,0,0,0,0,66.17,9.95,99.48,5.83,0,0,98.68,54.46,98.89,0,0,0,0,0,0,0,97.23,0,0,0,0,0,0,0,0,8,0,0,0,29.26,0,21.19,0,13.33,66.74,0,97.76,320.63,1151.78
Paraguay,48.65,0,38.3,89.82,0,0,0,,0,0,0,0,0,88.49,15.39,0,10.69,0,0,0,0,0,0,0,0,0,31.07,0,22.56,0,0,0,0,0,3.51,0,2.41,0,0,0,46.12,0,0,0,0,0,0,0,0,0,0,0,0,0,0,0,0,0,6.55,0,0,0,15.45,0,28.18,0,23.24,0,0,0,292.12,178.31
Peru,42.6,0,27.02,0,0,0,0,0,0,20.98,0,,0,0,19.06,17.61,8.54,0,0,15.56,0,3.89,0,3.61,0,3.9,42.19,3.51,26.46,3.8,0,3.9,0,15.62,8.88,0,3.3,16.29,0,0,59.38,13.55,0,7.63,0,30.11,0,11.93,0,2.34,0,2.3,0,34.04,0,1.43,0,1,11.57,24.11,0,33.37,27.92,1.07,23.53,21.78,14.79,14.61,0,55.47,315.24,363.41
Philippines,34.5,7.74,18.03,0.22,0,0,0,3.99,0,,0,5.91,0,8.13,10.7,44.97,5.16,37.38,0,32.41,0,10.39,0,0,0,8.21,31.8,5.92,17.51,10.39,0,8.21,0,5.92,8.93,61.64,2.49,18.52,0,0,68.88,44.97,0,57.08,0,37.38,0,32.41,0,10.62,0,4.17,0,4.08,0,10.36,0,54.15,1.94,19.27,0,26.26,21.01,6.92,20.13,37.96,8.69,32.64,0,24.42,249.77,672.64
Poland,86.73,17.86,84.22,31.53,0,7.2,0,24.09,0,12.93,0,19.91,0,5.72,30.51,,29.03,47.84,0,54.42,0,1.87,0,46.46,0,13.83,86.73,10.78,84.22,7.4,0,12.38,0,8.51,0.99,5.78,0.97,24.37,0,52.46,94.19,3.72,0,21.89,0,20.59,0,27.08,0,72.44,0,3.62,0,1.55,0,43.76,0,2.17,16.52,3.05,0,9.99,79.34,6.22,61.5,23.35,57.36,23,0,47.64,712.31,715.41
Portugal,92.34,56.22,87.46,20.92,0,15.55,0,1.84,0,27.47,0,31.07,0,3.24,28.88,27.68,19.88,57.5,0,,0,50.04,0,45.54,0,1.09,92.34,22.11,87.46,19.97,0,15.91,0,21.94,2.87,19.82,4.37,55.57,0,15.81,85.38,7.49,0,44.15,0,56.26,0,19.25,0,48.98,0,67,0,7.75,0,4.5,0,4.76,33.59,12.46,0,8.88,82.92,59.04,57.75,21.82,47.22,35.73,0,22.24,722.46,929.6
Puerto Rico,0,17.47,0,25.86,0,21.2,0,12.9,0,34.45,0,8.31,0,35.66,0,29.94,0,,0,24.42,0,33.99,0,51.37,0,0,0,3.26,0,18.81,0,0,0,12.82,0,17.45,0,11.97,0,0,0,41.49,0,45.98,0,16.08,0,14.29,0,30.3,0,0,0,77.14,0,0,0,10.88,0,53.51,0,0,0,4.63,0,6.45,0,25.74,0,18.48,0,704.85
Qatar,0,34.48,0,21.93,0,46.15,0,29.82,0,0,0,8.09,0,14.18,0,28.5,0,17.28,0,0,0,95.72,0,,0,93.92,0,0,0,0,0,31.91,0,0,0,27.58,0,0,0,31.91,0,27.58,0,41.93,0,0,0,0,0,95.72,0,93.92,0,0,0,1.03,0,93.56,0,1.64,0,90.11,0,0,0,0,0,84.4,0,78.4,0,1089.76
Romania,57.75,0,37.83,0,0,0,0,0,0,24.44,0,83.93,0,0,19.86,0,14.46,0,0,66.62,0,,0,65.09,0,92.65,57.64,87.62,37.83,0,0,0,0,30.44,6.67,0,4.25,30.44,0,24.57,81.55,0,0,0,0,59.18,0,24.57,0,33.3,0,92.65,0,87.62,0,85.98,0,0,11.72,0,0,2.17,49.36,1.09,41.06,86.12,22.83,0,0,0,442.81,978.48
Russian Federation,75.76,0,70.24,0.98,0,3.34,0,4.23,0,85.49,0,1.54,0,1.97,23.03,38.54,22.92,66,0,0,0,57.91,0,0,0,,75.76,0,70.24,0,0,0,0,0,4.02,0,4.11,0,0,0,62.17,0,0,0,0,0,0,0,0,0,0,0,0,0,0,0,0,0,20.08,0,0,0,56.57,0,55.79,0,49.03,0,0,0,589.72,260
Rwanda,50.02,0,38.65,0,0,0,0,0,0,0,0,0,0,0,8.09,0,4.08,0,0,0,0,0,0,0,0,0,36.66,,30.21,0,0,0,0,0,11.68,0,8.71,0,0,0,58.9,0,0,0,0,0,0,0,0,0,0,0,0,0,0,0,0,0,0.73,0,0,0,4.7,0,27.8,0,14.98,0,0,0,295.21,0
Saudi Arabia,71.7,0,64.56,0,0,0,0,0,0,0,0,0,0,0,21.08,0,17.64,0,0,0,0,0,0,0,0,0,71.7,0,64.56,,0,69.12,0,57.12,5.39,0,3.59,19.14,0,0,68.75,0,0,0,0,19.14,0,14.14,0,14.14,0,40.59,0,0,0,69.12,0,25.88,16.27,0,0,85.59,66.84,57.12,33.97,4.67,27.16,4.3,0,0,533.21,480.07
Senegal,42.34,67.69,34.49,0,0,32.87,0,3.53,0,2.19,0,11.46,0,46.77,7.82,14.23,5.25,52.65,0,12,0,0,0,17.78,0,46.25,20.36,0,14.79,32.4,0,,0,89.72,4.73,85.81,0.66,1.38,0,0,38.46,30.78,0,29.74,0,27.57,0,0,0,0,0,27.04,0,62.38,0,49.27,0,10.62,2.83,84.68,0,0,9.57,88.71,26.94,92.76,23.51,0,0,1.41,231.75,1021.69
Serbia,71.44,1.27,64.53,75.71,0,0,0,71.05,0,11.36,0,4.05,0,61.88,19.7,2.76,12.07,10.08,0,14.04,0,25.08,0,65.3,0,0,71.44,74.13,64.53,0,0,69.99,0,,2.31,0,2.74,0,0,0,85.35,0,0,0,0,0,0,0,0,0,0,0,0,0,0,0,0,0,17.62,0,0,0,59.68,0,57.05,0,45.92,0,0,0,574.38,486.7
Sierra Leone,19.81,0,12.92,0,0,0,0,0,0,0,0,0,0,0,5.2,0,3.01,0,0,0,0,0,0,0,0,0,12.39,0,8.38,0,0,0,0,0,13.24,,1.55,66.61,0,74.32,38.75,0,0,0,0,32.38,0,0,0,24.82,0,32.38,0,0,0,77.72,0,24.82,1.46,40.63,0,74.32,1.73,0,12.04,66.61,6.49,92.15,0,0,136.97,606.76
Singapore,97.93,0.45,96.38,0,0,0.08,0,0,0,0,0,0,0,93.19,46.9,8.9,24.6,5.5,0,5.18,0,2.44,0,12.2,0,71.9,97.81,25.42,96.08,0,0,56.81,0,0,2.1,46,3.31,55.96,0,,89.9,48.18,0,12.89,0,4.46,0,47.79,0,10.35,0,8.8,0,9.97,0,6.82,0,7.44,48.9,27.8,0,0,91.85,40.71,69.35,28.13,61.19,22.47,0,25.29,826.3,685.13
Slovak Republic,84.18,50.72,77.94,4.5,0,3.9,0,32.59,0,8.99,0,9.19,0,3.98,29.61,11.6,30.98,30.55,0,22.31,0,56.03,0,16.21,0,23.93,84.18,11.6,77.94,4.81,0,2.62,0,35.26,1.29,26.95,2.56,,0,29.35,92.72,89.42,0,0,0,0,0,84.28,0,20.65,0,0,0,14.13,0,0,0,20.65,22.14,62.62,0,0,76.08,14.13,72.98,36.24,63.58,84.28,0,89.42,716.18,900.91
Slovenia,97.53,0,95.46,83.78,0,1.05,0,1.25,0,0,0,78.16,0,0,40.2,27.18,31.25,2.91,0,45.41,0,2.48,0,3.75,0,13.65,97.53,3.24,95.46,61.5,0,16.16,0,0,1.15,84.38,1.81,79.3,0,0,88.44,,0,22.4,0,20.67,0,28.85,0,1.4,0,5.63,0,5.73,0,4.28,0,6.46,42.17,5.3,0,33.6,94.02,4.69,77.88,7.69,72.29,13.78,0,0,835.19,664.68
Somalia,0,9.87,0,9.2,0,22.08,0,1.59,0,26.79,0,2.46,0,4.51,0,3.09,0,3.27,0,2.62,0,18.24,0,16.53,0,25.31,0,79.91,0,11,0,1.43,0,0.5,0,0.16,0,13.92,0,15.17,0,11.43,0,95.55,0,97.55,0,,0,0,0,3.18,0,44.42,0,29.67,0,0,0,0,0,28.04,0,42.82,0,0,0,58.11,0,21.82,0,700.24
South Africa,69.22,97.19,62.64,95.55,0,0,0,0.75,0,1.22,0,0,0,93.81,13.5,88.18,9.66,73.5,0,0,0,0,0,82.98,0,0,67.44,0,61.24,0,0,0,0,93.5,7.84,41.74,6.99,77.68,0,0,58.56,0,0,95.62,0,,0,72,0,90.83,0,0,0,0,0,0,0,34.41,8.87,34.41,0,0,34.13,31.45,48.82,31.45,43.53,0,0,0,492.44,1136.27
South Asia,69.46,0,65.54,0,0,15.3,0,13.78,0,0,0,15.03,0,0,7.8,13.65,6.47,0,0,0,0,51.81,0,14.99,0,45.32,68.27,0,64.77,66.63,0,7.17,0,0,35.41,4.13,30.6,0,0,70.8,41.9,0,0,0,0,0,0,8.52,0,0,0,0,0,0,0,8.31,0,42.19,2.51,31.29,0,0,26.97,0,15.43,25.55,11.17,48.09,0,,446.3,482.56
South Sudan,8.57,47.82,3.85,95.62,0,90.83,0,94.48,0,0,0,0.44,0,0,3.35,1.05,2.14,0,0,89.13,0,81.34,0,66.2,0,0,8.57,0,3.85,0,0,0,0,0,0,89.16,0.46,0,0,30.94,0,82.86,0,,0,71.72,0,0,0,99.05,0,97.62,0,0,0,42.35,0,0,1.44,31.46,0,42.35,2.35,0,5.81,0,3.31,0,0,31.46,43.7,1185.88
Spain,93.76,0,93.09,37.86,0,99.05,0,0,0,1.55,0,90.56,0,97.62,50.17,0,37.79,94.69,0,3.85,0,0,0,0,0,0,93.76,0,93.09,0,0,0,0,0,1.56,0,2.01,45.05,0,96.64,84.24,0,0,85.2,0,0,0,90.39,0,,0,0,0,0,0,0,0,0,53.88,0,0,0,84.8,0,55.64,0,52.29,0,0,0,796.08,742.46
Sri Lanka,73.65,0,70.58,0,0,0,0,0,0,0,0,0,0,0,17.37,0,14.77,0,0,0,0,0,0,0,0,0,73.59,0,70.58,0,0,0,0,0,18.56,0,16.68,0,0,0,47.92,0,0,0,0,0,0,0,0,0,0,,0,85.38,0,81.3,0,77.82,5.34,18.99,0,18.87,32.26,2.96,21.59,10.96,17.3,17.52,0,18.21,480.19,332.01
Sub-Saharan Africa,42.63,41.26,32.01,0,0,0,0,0,0,11,0,10.6,0,11.26,8.4,0,6.06,39.51,0,10.47,0,10.85,0,0,0,46.92,32.91,40.37,22.89,0,0,62.9,0,8.76,8.43,0,3.17,66.94,0,4.58,62.02,0,0,6.98,0,5.72,0,2.73,0,15.53,0,8.55,0,44.54,0,38.19,0,9.53,3.19,0,0,27.56,17.68,3.71,24.82,0,17.62,,0,22.31,281.83,550.77
Sub-Saharan Africa (excluding high income),42.63,72.37,32.01,67.68,0,0,0,23.26,0,18.69,0,0,0,1.64,8.4,22.35,6.06,18.1,0,0,0,6.92,0,36.33,0,19.02,32.91,69.99,22.89,65.43,0,0,0,57.83,8.43,12.89,3.17,11.77,0,0,62.02,56.52,0,38.11,0,29.91,0,0,0,10.57,0,12.73,0,9.06,0,7.58,0,21.2,3.19,17.12,0,0,17.68,45.87,24.82,36.55,17.62,31.41,0,0,281.83,820.9
Sudan,0,10.81,0,51.16,0,18.86,0,84.11,0,80.36,0,75.89,0,33.85,0,64.23,0,2.2,0,3.01,0,76.56,0,5.46,0,51.4,0,39.5,0,54.07,0,4.7,0,4.71,0,4.54,0,3.68,0,10.65,0,58.87,0,66,0,9.04,0,10.01,0,64.59,0,51.63,0,,0,4.01,0,5.83,0,0,0,2.63,0,4.46,0,1.13,0,2.47,0,2.71,0,963.13
Sweden,99.74,1.13,99.67,2.3,0,20.73,0,0,0,3.61,0,5.48,0,0,43.74,4.28,34,0,0,5.22,0,0.27,0,1.1,0,0,99.74,0.46,99.67,0.13,0,0.63,0,35.22,0.17,26.37,0.44,67.95,0,38.82,95.55,17.47,0,0.12,0,0.15,0,0.86,0,2.44,0,2.22,0,1.39,0,98.3,0,,44.98,0,0,0,98.24,97.93,87.51,51.91,84.11,48.79,0,0,887.56,535.28
Switzerland,98.43,51.91,97.44,0,0,48.79,0,0,0,98.3,0,36.6,0,0,62.39,97.93,56.09,91.5,0,0,0,0,0,0.3,0,0.27,98.43,81.11,97.44,0,0,0,0,0,0.37,0,0.9,0,0,0,81.17,0,0,56.61,0,83.28,0,0,0,0,0,55.03,0,0,0,,0,56.19,65.47,87.08,0,0,88.46,89.27,67.45,0,68.96,0,0,21.51,883,955.68
Syrian Arab Republic,0,20.96,0,21.28,0,0,0,60.65,0,14.32,0,0,0,20.51,0,88.93,0,0,0,86.21,0,18.46,0,52.94,0,0,0,18.75,0,49.94,0,0,0,8.14,0,18.09,0,5.45,0,2.23,0,3.06,0,52.61,0,1.38,0,8.66,0,10.03,0,0,0,29.74,0,21.94,0,0,0,0,0,0,0,,0,0,0,0,0,0,0,614.28
"Taiwan, China",94.18,0,91.09,0,0,0,0,0,0,0,0,0,0,0,52.1,0,39.5,0,0,0,0,0,0,0,0,0,94.18,0,91.09,0,0,0,0,0,5.57,0,8.29,0,0,0,83.97,0,0,0,0,0,0,0,0,0,0,0,0,0,0,0,0,0,53.46,,0,99.69,74.44,0,51.96,99.22,44.35,0,0,0,784.18,198.91
Tajikistan,47.02,48.69,38.48,0,0,37.14,0,0,0,0,0,37.14,0,48.69,15.48,0,10.52,99.69,0,58.64,0,0,0,99.22,0,95.28,47.02,0,38.48,0,0,0,0,95.95,5.3,0,2.27,0,0,0,27.75,0,0,0,0,0,0,0,0,0,0,98.17,0,48.35,0,91.44,0,0,5.68,88.59,0,,15.86,0,28.45,99.49,21.38,0,0,99.49,303.69,1145.97
Tanzania,46.75,0,37.25,61.4,0,0,0,61.4,0,64.85,0,0,0,64.85,5.29,0,3.14,41.33,0,0,0,99.49,0,99.49,0,0,20.97,88.91,13.31,0.57,0,0,0,0,6.49,76.94,2.32,0,0,0,41.86,0,0,0,0,0,0,0,0,0,0,0,0,85.37,0,0,0,69.21,0.54,0,0,45.41,13.27,46,29.05,,21.31,0,0,0,241.55,905.22
Thailand,81.59,0,77.55,0,0,0,0,0,0,0,0,0,0,0,20.4,0,20.28,0,0,0,0,0,0,0,0,0,80.96,0,76.95,0,0,0,0,0,11.64,0,14.86,0,0,0,67.69,0,0,0,0,0,0,0,0,0,0,0,0,0,0,0,0,0,9.8,0,0,0,59.85,0,47.93,0,45.87,94.71,0,,615.37,94.71
Togo,45.29,92.98,34.74,0,0,0,0,0,0,61.95,0,49.57,0,61.95,9.14,0,7.67,0,0,49.57,0,44.93,0,0,0,94.71,34.07,92.98,24.69,0,0,89.71,0,2.13,17.2,0,7.14,89.46,0,0.55,38.13,0,0,0,0,0,0,0,0,0,0,0,0,0,0,81.45,0,0,3.51,0,0,64.54,13.45,63.77,18.24,0,9.71,,0,64.11,262.98,1004.36
Trinidad and Tobago,80.78,39.49,77.08,38.23,0,36.33,0,12.64,0,12.86,0,10.18,0,0,27.49,12.42,28.26,12.75,0,10.18,0,0,0,41.37,0,3.25,80.78,38.9,77.08,37.37,0,34.79,0,38.38,9.32,11.45,9.6,5.08,0,4.51,68.37,30.83,0,4.05,0,1.3,0,1.19,0,18.59,0,19.12,0,8.43,0,14.88,0,38,15.96,2.19,0,0.94,60.8,15.4,46.06,19.89,39.16,19.1,0,13.33,620.74,607.42
Tunisia,36.91,,21.05,52.43,0,39.02,0,10.77,0,11.72,0,13.34,0,47.72,11.73,8.69,4.31,3.79,0,4.45,0,27.56,0,1.88,0,27.91,36.82,0,21.05,23.32,0,15.02,0,21.1,5.04,20.25,1.87,2.32,0,3.4,76,1.89,0,1.59,0,4.18,0,38.71,0,4.49,0,25.91,0,32.88,0,68.7,0,39.15,7.13,13.1,0,0.31,23.46,9.43,21.62,0.25,13.71,26.03,0,28.04,280.7,629.35
Turkiye,68.59,19.63,56.38,,0,95.58,0,0,0,30.36,0,4.36,0,97.68,42.84,0,30.78,28.26,0,23.68,0,21.67,0,0,0,0,67.66,27.02,54.95,40.35,0,94.15,0,95.25,3.17,0,2.1,1.66,0,80.05,75.56,0,0,0,0,80.6,0,2.65,0,51.13,0,63.27,0,0,0,0,0,0,41.6,0,0,63.2,62.99,0,49.15,22.61,40.91,83.53,0,0,596.68,1026.69
Turkmenistan,40.58,0,39.42,82.33,0,,0,39.04,0,1.69,0,43.13,0,49.61,6.84,8.19,9.64,6.48,0,6.88,0,6.39,0,7.42,0,5.99,40.58,26.81,39.42,23.12,0,5.43,0,24.9,6.06,19.1,3.43,26.83,0,19.89,73.1,5.93,0,50.92,0,2.99,0,3.09,0,1.82,0,2.55,0,2.79,0,23.23,0,29.29,0,56.95,0,15.67,37.93,34.97,31.63,7,26.64,0.95,0,1.52,355.27,642.9
Uganda,59.2,25.29,47.3,22.28,0,18.08,0,0,0,0,0,0,0,,14.67,0,8.92,0,0,0,0,0,0,0,0,0,32.84,0,23.71,0,0,0,0,0,4.8,0,3.1,0,0,0,52.91,0,0,0,0,0,0,0,0,0,0,0,0,0,0,0,0,0,2.32,0,0,0,16.57,0,39.67,0,26.28,0,0,0,332.29,65.65
Ukraine,62.9,0,53.26,0,0,0,0,,0,32.02,0,36.85,0,0,21.76,31.53,13.51,10.33,0,0,0,8.29,0,7.19,0,9.89,62.9,7.19,53.26,7.77,0,52.3,0,0,1.65,2.74,1.23,29.95,0,35.71,66.18,31.23,0,4.51,0,10.13,0,62.36,0,4.76,0,54.55,0,3.4,0,6.68,0,3.67,26.68,13.67,0,9.15,49.42,7.96,52.33,48.79,43.08,20.45,0,11.53,508.16,564.6
United Arab Emirates,88.21,2.38,82.99,1.76,0,19.66,0,14.52,0,74.09,0,,0,16.85,46.13,61.37,33.27,2.74,0,0,0,0,0,38.03,0,28.01,87.39,37.83,81.87,0,0,27.88,0,48.18,2.08,9.41,1.89,73.37,0,20.2,81.37,60.97,0,6.38,0,70.96,0,0,0,0,0,5.88,0,61,0,27.65,0,0,45.44,6.27,0,13.72,82.86,44.77,67.41,12.92,59.38,9.97,0,21.02,760.29,817.79
United Kingdom,96.37,58.87,94.47,32.61,0,0,0,0,0,,0,35.65,0,46.62,64.75,0,58.46,0,0,0,0,0,0,0,0,0,96.37,0,94.47,0,0,0,0,0,0.36,0,0.52,0,0,0,91.38,0,0,0,0,0,0,0,0,0,0,0,0,0,0,0,0,0,65.37,0,0,0,91.45,0,75.51,0,68.72,0,0,0,898.2,173.75
United States,93.12,0,85.22,0,0,0,0,0,0,0,0,0,0,0,68.36,,49.04,51.39,0,65.91,0,15.85,0,61.24,0,29,93.12,29.68,85.22,24.23,0,18.61,0,19.61,0.65,15.46,1.43,41.04,0,42.18,93.42,8,0,33.38,0,28.48,0,36.56,0,41.09,0,3.84,0,2.59,0,50.65,0,5.09,65.6,7.87,0,10.33,80.23,10.44,64.98,25.26,49.75,31.16,0,36.52,830.14,745.46
Upper middle income,72.35,,62.29,95.45,0,92.11,0,0,0,0,0,67.77,0,0,21.75,47.36,13.67,0,0,67.77,0,0,0,47.36,0,0,72.06,73.62,62.02,95.45,0,92.11,0,0,7.7,94.76,7.56,0,0,0.35,62.96,0.65,0,0,0,0,0,95.58,0,0,0,0,0,0,0,0,0,0,19.02,84.23,0,68.4,57.9,0,36.55,0,27.91,0,0,70.64,523.74,1093.61
Uruguay,63.87,51.86,48.61,21.25,0,17.98,0,3.05,0,40.79,0,43.08,0,3.51,43.44,30.58,28.58,83.56,0,,0,0,0,79.73,0,0,63.87,34.12,48.61,0,0,31.77,0,34.12,2.9,0,2.43,61.45,0,31.77,65.95,0,0,79.73,0,83.56,0,39.5,0,0,0,89.3,0,1.61,0,2.85,0,0,40.59,0,0,51.81,55.85,77.22,38.74,58.54,32.85,12.76,0,7.76,536.29,1073.26
Uzbekistan,37.09,3.46,30.92,14.6,0,13.1,0,37.02,0,62.28,0,0,0,69.58,2.36,0,0.81,,0,53.72,0,83.4,0,85.74,0,0,37.09,2.8,30.92,23.94,0,0,0,22.88,5.51,22.46,1.55,22.1,0,0,57.38,51.66,0,84.56,0,28.76,0,6.4,0,82.06,0,0,0,75.62,0,0,0,6.2,0.59,57.71,0,0,24.15,6.52,25.82,0,18.23,3.47,0,0,272.42,920.04
"Venezuela, RB",73.49,5.33,60.18,3.74,0,4.24,0,68.84,0,0,0,26.84,0,4.35,27.66,17.9,17.05,13.75,0,0,0,99.76,0,,0,99.57,73.22,0,59.5,0,0,54.97,0,0,3.81,52.76,5.46,0,0,54.97,82.86,52.76,0,59.41,0,0,0,0,0,99.76,0,99.57,0,0,0,0.37,0,92.16,28.85,0.18,0,86.87,66.07,0,46.32,0,33.84,0,0,0,578.31,998.1
Vietnam,30.8,0,20.28,0,0,0,0,0,0,62.11,0,95.46,0,0,21.72,0,23.35,0,0,67.02,0,,0,65.06,0,94.95,30.02,91.25,20.28,0,0,0,0,66.2,9.35,0,3.8,66.2,0,44.46,64.01,0,0,0,0,0,0,44.46,0,72.77,0,94.95,0,91.25,0,94.8,0,0,4.12,0,0,0.64,26.74,0.34,14.92,95.43,8.12,0,0,0,277.51,1147.35
West Bank and Gaza,25.02,0,11.98,0,0,0,0,0,0,82.8,0,0,0,0,7.2,66.7,3.26,69.39,0,0,0,62,0,0,0,,25.02,74.13,11.98,63.23,0,0,0,0,18.12,42.01,3.22,29.29,0,0,61.36,42.01,0,65.05,0,29.29,0,0,0,0,0,23.38,0,74.13,0,0,0,63.23,3.04,3.43,0,0,14.44,86.92,8.91,2.92,4.85,0,0,67.59,198.4,947.5
World,68.5,63.75,60.89,,0,97.19,0,0,0,56.88,0,0,0,95.45,22.29,0,16.39,56.88,0,46.39,0,46.39,0,0,0,0,67.1,0,59.71,51.92,0,97.19,0,95.45,12.86,0,10.96,0.52,0,90.76,64.23,0,0,0,0,90.18,0,0.74,0,0,0,79.49,0,0,0,0,0,0,18.13,0,0,86.82,47.67,0,34.1,58.63,27.08,70.61,0,0,509.91,1185.24
"Yemen, Rep.",0,30.64,0,50.41,0,3.53,0,6.35,0,7.52,0,21.92,0,10.9,0,66.28,0,0,0,36.55,0,0,0,43.81,0,41.69,0,,0,44.13,0,41.5,0,44.9,0,0,0,5.48,0,7.49,0,6.31,0,6.31,0,5.48,0,7.49,0,63.64,0,0,0,10.88,0,41.5,0,44.13,0,58.98,0,3.04,0,44.9,0,0.61,0,58.01,0,1.01,0,815.39
Zambia,45.86,32.82,31.24,28.12,0,32.63,0,15.69,0,31.83,0,16.17,0,16.26,10.41,19.08,4.68,3.78,0,36.26,0,24.58,0,1.54,0,22.19,35.83,22.27,22.38,,0,84.39,0,78.21,8.82,0,2.21,11.09,0,3.15,45.49,0,0,0,0,8.83,0,10.65,0,7.84,0,87.1,0,13.42,0,84.03,0,52.44,4.27,0,0,80.95,19.56,78.21,28.79,2.89,20.51,4.04,0,0,280.05,910.46
Zimbabwe,55.29,80.88,43.6,0,0,55.61,0,5.43,0,10.04,0,6.23,0,67.3,4.72,8.8,1.21,75.58,0,5.74,0,0,0,18.54,0,55.6,28.18,0,13.18,48.41,0,,0,0,2.61,0,0.56,0,0,0,63.57,0,0,0,0,0,0,0,0,0,0,0,0,0,0,0,0,0,1.34,0,0,0,21.95,0,39.19,0,33.49,0,0,0,308.89,438.16
Grand Total,10365.21,3433.74,9040.66,3656.82,0,3567.38,0,3685.15,0,3896.46,0,3489.75,0,4024.41,3968.31,3662.55,3049.01,3464.45,0,3304.37,0,4056.34,0,3941.68,0,3543.76,9857.14,3925.8,8594.36,3250.02,0,3299.86,0,3709.98,1259.77,3493.67,741.21,3516.72,0,3558.96,10870.04,3581.62,0,3675.69,0,3432.94,0,3044.84,0,3660.06,0,3906.32,0,3681.89,0,3599.64,0,3278.44,3201.83,3441.9,0,3379.01,7452.95,3305.23,6617.99,3699.85,5498.2,3516.57,0,3826.96,80516.68,125512.83